{
  "Workflows": [
    {
      "Path": null,
      "SortBy": 0,
      "VariablesSectionElementsOrder": [],
      "ArgumentsSectionElementsOrder": null,
      "ConstantsSectionElementsOrder": null,
      "AddedNamespaces": null
    },
    {
      "Path": "Main.xaml",
      "SortBy": 0,
      "VariablesSectionElementsOrder": [
        "OutputText&Sequence_1",
        "JSONObject&Sequence_1",
        "LanguageDetected&Sequence_1",
        "TotalText&Sequence_1",
        "Language&Sequence_1",
        "jobj&Sequence_1",
        "Resp&Sequence_1",
        "jobj1&Sequence_1",
        "JSONString&Sequence_1",
        "ToLanguage&Sequence_1",
        "Op&Sequence_1",
        "o1&Sequence_1"
      ],
      "ArgumentsSectionElementsOrder": [],
      "ConstantsSectionElementsOrder": null,
      "AddedNamespaces": null
    }
  ]
}